id,rule_version,status,symbol,name,token_address,entry_time,entry_age_seconds,entry_market_cap,entry_price,entry_notional_usd,exit_time,exit_market_cap,exit_price,exit_reason,pnl_pct,paper_pnl_usd,max_drawdown_pct,max_runup_pct,entry_reason,buy_volume_1m,sell_volume_1m,sell_buy_ratio_1m,unique_buyers_1m,trade_count_1m,risk_score,top_10_holder_pct,liquidity_usd,rugged
1,v3_fast_breakout_50_before_minus_20,closed,TRUMP,OFFICIAL TRUMP,6q3FHone2SUHfiM5V6JC3vPZhrruZyLwt78vj9b3pump,1781031826,248,9254.324478775414,9.254324478775413e-06,20.0,1781032040,7123.539018566337,7.123539018566338e-06,stop loss,-23.02475415786409,-4.604950831572818,-23.02475415786409,0.0,"FAST_BREAKOUT; mc=$9,254; buy1m=$1,446; sell1m=$419; buyers1m=20; trades1m=30",1445.8005233318831,418.8031137705143,0.2896686693717416,20,30,9,17.082,13056.65952,0
2,v3_fast_breakout_50_before_minus_20,closed,SCF,Smoking Chicken Fish,4sX3DYYqs9nYYhkb2c2xXmTMcSXVp9V4iJxFnfR7RQkS,1781033004,269,36525.32849863104,3.652532849863104e-05,20.0,1781033738,38514.21332803284,3.851421332803284e-05,max hold,5.445220922452061,1.0890441844904117,0.0,5.445220922452061,"FAST_BREAKOUT; mc=$36,525; buy1m=$2,495; sell1m=$1,896; buyers1m=73; trades1m=115",2494.6928474581177,1896.0907169576446,0.7600497668037978,73,115,3,4.0582,69058.43222968068,0
3,v3_fast_breakout_50_before_minus_20,closed,Strikape,Strikape,Cy2ogSFSGJwegFr1jjPvTCp7JoQ15H2qgbapJBjNpump,1781033221,226,13658.371762777919,1.3658371762777918e-05,20.0,1781033760,1871.0413244281258,1.8710413244281258e-06,stop loss,-86.30113927981425,-17.26022785596285,-86.30113927981425,0.0,"FAST_BREAKOUT; mc=$13,658; buy1m=$3,956; sell1m=$2,878; buyers1m=82; trades1m=155",3956.1821090465037,2878.043841507198,0.7274801215358733,82,155,10,15.232,10707.513366048412,0
4,v3_fast_breakout_50_before_minus_20,closed,Upstms,UBER SHARK,B96MzJzYzUG3DXFtFMwCz77e9yVCeyiA9QromFYvpump,1781033230,260,32221.422943670404,3.2221422943670404e-05,20.0,1781033770,38423.4312576015,0.0,rug,19.24808946139178,3.8496178922783564,0.0,19.24808946139178,"FAST_BREAKOUT; mc=$32,221; buy1m=$1,751; sell1m=$1,032; buyers1m=25; trades1m=30",1751.1230675731488,1031.7782664265271,0.5892094539400082,25,30,8,14.759500000000001,40849.69749258158,0
5,v3_fast_breakout_50_before_minus_20,closed,1,just buy 1 usdc worth of this,2LPzcX4vCz9XG8o83SHYBcHzsLNQZbw2z1R5gS5ipump,1781034049,271,9078.00818612826,9.07800818612826e-06,20.0,1781034474,28771.341805498454,2.8771341805498455e-05,take profit,216.93452148966765,43.386904297933526,0.0,216.93452148966765,"FAST_BREAKOUT; mc=$9,078; buy1m=$1,311; sell1m=$539; buyers1m=24; trades1m=37",1311.1480526641178,539.0801209928899,0.41115121964871515,24,37,8,20.9397,12931.681522,0
6,v3_fast_breakout_50_before_minus_20,closed,PUNKUIN,Punkuin,AvtTC3TL93w2zQsrDknJWcgThWLeXiuo7VFJr9kppump,1781034721,193,12539.628538904099,1.2539628538904099e-05,20.0,1781034897,1927.9708772368162,1.927970877236816e-06,stop loss,-84.62497616053537,-16.924995232107072,-84.62497616053537,0.0,"FAST_BREAKOUT; mc=$12,540; buy1m=$2,149; sell1m=$1,743; buyers1m=47; trades1m=97",2148.5274690265246,1742.8415978738142,0.811179574382392,47,97,10,14.230599999999999,10279.532936545034,0
7,v3_fast_breakout_50_before_minus_20,closed,Milly,Milly,FieQV5rfZnVwxuPef5GoBjR3LNSRbXywv6QqemEGpump,1781035434,223,16086.230863561814,1.6086230863561813e-05,20.0,1781035837,11984.005636599157,1.1984005636599156e-05,stop loss,-25.501469310967867,-5.100293862193572,-25.501469310967867,0.0,"FAST_BREAKOUT; mc=$16,086; buy1m=$1,926; sell1m=$466; buyers1m=30; trades1m=56",1925.5833392549368,466.45762431710784,0.24224224151087306,30,56,8,25.713399999999996,17214.200918,0
8,v3_fast_breakout_50_before_minus_20,closed,Sslsr,SPACEX ROCKET,3q8CdRkv8RMjbPdCeWVmzT2HeC6GSNqHwtpT3vx7pump,1781036106,230,40147.1728884161,0.02007358644420805,20.0,1781036566,45345.322147785104,0.0,rug,12.947734262177296,2.5895468524354612,0.0,12.947734262177296,"FAST_BREAKOUT; mc=$40,147; buy1m=$1,361; sell1m=$233; buyers1m=26; trades1m=29",1361.1409156919046,233.2966086320776,0.17139783687531474,26,29,8,26.000099999999996,41254.463583178964,0
9,v3_fast_breakout_50_before_minus_20,closed,lolcoin,Worlds First Memecoin,H5BeopjuKkfJ5RbTNzBCRr4ZdPfwYJUpCAJq3kHMpump,1781036619,237,8399.370200634843,8.399370200634843e-06,20.0,1781037074,19145.442182669834,1.9145442182669834e-05,take profit,127.9390207282777,25.58780414565554,-4.3764450273579145,127.9390207282777,"FAST_BREAKOUT; mc=$8,399; buy1m=$1,021; sell1m=$379; buyers1m=13; trades1m=23",1020.5425793658683,379.48349228596203,0.3718448401454848,13,23,8,19.2142,12438.931488,0
10,v3_fast_breakout_50_before_minus_20,closed,Fox,Foxcoin,D5MZMfvPvh21XtxntBAiL5uDE7Kag41rwNaR2Tihpump,1781037592,259,25704.456552652246,2.5704456552652248e-05,20.0,1781037782,16167.61654388328,1.6167616543884055e-05,stop loss,-37.10189316484473,-7.420378632968948,-37.10189316484473,0.0,"FAST_BREAKOUT; mc=$25,704; buy1m=$5,340; sell1m=$4,357; buyers1m=103; trades1m=250",5340.28844663913,4356.714967235886,0.8158201585492544,103,250,9,26.6957,10982.414025280694,0
11,v3_fast_breakout_50_before_minus_20,closed,ansem,just a chill ansem,BpLGunBpuGqntc8s5YukCWbiv5GbZMQvsqPXD2embYYj,1781037821,271,10472.812876270553,1.0472812876270553e-05,20.0,1781038017,1876.148624432166,1.8761486244321659e-06,stop loss,-82.08553283060017,-16.417106566120033,-82.08553283060017,0.0,"FAST_BREAKOUT; mc=$10,473; buy1m=$3,459; sell1m=$2,737; buyers1m=53; trades1m=108",3459.173148817806,2737.429706597445,0.7913537683226348,53,108,10,25.1628,9405.367947292163,0
12,v3_fast_breakout_50_before_minus_20,closed,Pnut,Peanut the Squirrel,5WuHLFsEHavRzXruBcch2WT7LgUoo3C2AbQsjkhevZxr,1781039323,177,33200.098370786756,3.320009833758666e-05,20.0,1781040082,37838.702938552095,3.7838702900713396e-05,max hold,13.971659107633588,2.7943318215267183,-7.284541482598464,13.971659107633588,"FAST_BREAKOUT; mc=$33,200; buy1m=$49,794; sell1m=$2; buyers1m=47; trades1m=100",49793.59766978104,2.4676577399353365,4.955773142363079e-05,47,100,6,33.536,42604.364425979904,0
13,v3_fast_breakout_50_before_minus_20,closed,CDOF,Chinese Digital Oil Fund,7z195D3Es2zsVnQwtFvX6GuaGu9zWwtB4Cfr1aCX2zNK,1781039543,216,45469.06405855401,4.546906401308495e-05,20.0,1781040367,68988.66023540666,6.898866016641799e-05,take profit,51.72658963589981,10.345317927179963,0.0,51.72658963589981,"FAST_BREAKOUT; mc=$45,469; buy1m=$23,554; sell1m=$0; buyers1m=27; trades1m=49",23553.598198431137,0.0,0.0,27,49,4,4.8861,84924.1174796735,0
14,v3_fast_breakout_50_before_minus_20,closed,DuBist,DuBistGutGenug,GsF9uHr1ZT88MuXpLT1E3GJwJeexCkkdRP9zmziepump,1781040208,194,15742.203398212316,1.5742203398212314e-05,20.0,1781040461,5694.284582267816,5.694284582267817e-06,stop loss,-63.82790618170733,-12.765581236341465,-63.82790618170733,0.0,"FAST_BREAKOUT; mc=$15,742; buy1m=$2,549; sell1m=$1,807; buyers1m=81; trades1m=156",2549.418562225553,1807.103783808562,0.7088297742019355,81,156,10,25.091099999999997,11499.578816904628,0
15,v3_fast_breakout_50_before_minus_20,closed,SPCX,SPACEX IPO,9czPPXtFA6g6o1USRYvQN32WawE6u1J8Ryo8V4R3kCY5,1781040764,237,30905.147902993744,3.0905147872088594e-05,20.0,1781041437,34557.59255146388,3.455759251690629e-05,max hold,11.818240313667383,2.363648062733475,0.0,11.818240313667383,"FAST_BREAKOUT; mc=$30,905; buy1m=$36,107; sell1m=$0; buyers1m=68; trades1m=98",36106.64963856124,0.0,0.0,68,98,8,19.512900000000002,45647.56326967495,0
16,v3_fast_breakout_50_before_minus_20,closed,NATRC,NETFLIX REMOTE CLOWN,F5Mp3mRYwV47zT3nUE99LGXREcAetuYY1CaX4Gnipump,1781041289,217,27588.518625466095,0.006897129656366524,20.0,1781041905,22204.955272120915,0.0,rug,-19.51378189757453,-3.902756379514905,-19.51378189757453,9.420957650408349,"FAST_BREAKOUT; mc=$27,589; buy1m=$1,530; sell1m=$950; buyers1m=25; trades1m=31",1530.3895681614767,949.6523618870399,0.6205298191021378,25,31,8,10.049599999999998,42473.34486660731,0
17,v3_fast_breakout_50_before_minus_20,closed,COMPANY,The Solana Company,Es8seLEGbyAFYFNX6wzf9d3MTR8nwBNPXxqBVVhEpump,1781041775,254,13497.69223496635,1.349769223496635e-05,20.0,1781042533,12456.571891726033,1.2456571891726034e-05,max hold,-7.713321100500792,-1.542664220100157,-17.93641255310309,0.0,"FAST_BREAKOUT; mc=$13,498; buy1m=$1,394; sell1m=$192; buyers1m=17; trades1m=26",1394.2415848489575,191.7688098510803,0.13754345870544035,17,26,10,23.112900000000003,15768.46713,0
18,v3_fast_breakout_50_before_minus_20,closed,UBANK,Unstable Bank,GZt9HHTPR1ExYKMTNUxHZEucyPty4nL5XWsBU9iypump,1781041777,262,21678.75491949778,2.167875491949778e-05,20.0,1781042350,5125.036780291149,5.125036780291149e-06,stop loss,-76.35917376564042,-15.271834753128084,-76.35917376564042,0.0,"FAST_BREAKOUT; mc=$21,679; buy1m=$2,927; sell1m=$1,880; buyers1m=36; trades1m=78",2926.9934847282266,1880.491009709328,0.6424650480163037,36,78,10,24.8229,19983.745408,0
19,v3_fast_breakout_50_before_minus_20,closed,Pnut,Peanut the Squirrel,2e3qzoCMQruZtoUY3nwG6UccekWg7CP6qFLk6ryATTqH,1781042622,203,11021.939107108843,1.1021939107108843e-05,20.0,1781042992,16640.227498254317,1.6640227498254318e-05,take profit,50.973683818683355,10.194736763736671,0.0,50.973683818683355,"FAST_BREAKOUT; mc=$11,022; buy1m=$10,131; sell1m=$47; buyers1m=21; trades1m=38",10130.798730233866,46.55716249464652,0.00459560630256167,21,38,8,16.5291,17038.423178178477,0
20,v3_fast_breakout_50_before_minus_20,closed,世界杯,世界杯,AogNNGp6dJoeeVqKpCaL2kNYuCRpRCsjujaLmKBwBeYM,1781043274,223,10691.185608629548,1.0691185597938363e-05,20.0,1781044011,12156.273401001137,1.2156273388844864e-05,max hold,13.703698036904546,2.7407396073809096,0.0,13.703698036904546,"FAST_BREAKOUT; mc=$10,691; buy1m=$4,302; sell1m=$0; buyers1m=45; trades1m=52",4301.932489754663,0.0,0.0,45,52,8,26.714800000000004,15460.355461873936,0
21,v3_fast_breakout_50_before_minus_20,closed,KOTP,King Of The Pirates,4KvrMmVDWpmUvQsRxVnWS8RQkByJZqfYyfL3RpQNpump,1781043497,213,10728.580759084254,1.0728580759084254e-05,20.0,1781044241,10930.366088986844,1.0930366088986844e-05,max hold,1.8808203473859448,0.3761640694771913,0.0,22.209804050466605,"FAST_BREAKOUT; mc=$10,729; buy1m=$1,490; sell1m=$1,058; buyers1m=31; trades1m=61",1489.532739261457,1058.3148565573629,0.7105012388529967,31,61,10,21.0246,9480.314578816362,0
22,v3_fast_breakout_50_before_minus_20,closed,hehe,hehe,2VCmTy9bqaiWzHfKTvRxpFkH57TSHGpxmEeyzKM7pump,1781044352,267,38592.94724815166,3.8592947248151654e-05,20.0,1781044979,29359.530422549244,2.9359530422549244e-05,stop loss,-23.925140431052803,-4.785028086210561,-23.925140431052803,23.25248258832378,"FAST_BREAKOUT; mc=$38,593; buy1m=$4,964; sell1m=$2,672; buyers1m=72; trades1m=166",4964.207444831729,2672.0854456681536,0.5382703030370095,72,166,10,24.8107,26663.287474,0
23,v3_fast_breakout_50_before_minus_20,closed,Irtf,ISRAEL FOX,9AgDfwPRN8Gjo236TxD1xvc4KXyKDk252ZHDr9qPpump,1781044595,299,36419.3672203991,0.012139789073466365,20.0,1781045016,45957.23126807818,0.0,rug,26.188988924378577,5.237797784875717,0.0,26.188988924378577,"FAST_BREAKOUT; mc=$36,419; buy1m=$1,722; sell1m=$592; buyers1m=24; trades1m=28",1722.312937375125,592.4141234526145,0.34396427652426376,24,28,8,17.1127,38697.328937624814,0
24,v3_fast_breakout_50_before_minus_20,closed,OK,Ok Cat,CyLx3bHwU8Hoz5xueCZSJRmQVDQTANaTjEoex8vnpump,1781044819,211,8754.097083602264,8.754097083602264e-06,20.0,1781045435,7791.677741400467,7.791677741400467e-06,max hold,-10.993930419215395,-2.1987860838430784,-10.993930419215395,20.990738206907103,"FAST_BREAKOUT; mc=$8,754; buy1m=$1,073; sell1m=$277; buyers1m=21; trades1m=29",1073.118997389079,276.83110804016167,0.2579686956560247,21,29,6,16.6619,12698.879316,0
25,v3_fast_breakout_50_before_minus_20,closed,BER,BER,8gjAsoB9s99VvknM9fCngjLQL1BJ4vU3oQRshRqipump,1781045307,277,30510.682410494086,3.0510682410494084e-05,20.0,1781045506,1268.0766005634878,1.2680766005634878e-06,stop loss,-95.84382747162897,-19.168765494325793,-95.84382747162897,0.0,"FAST_BREAKOUT; mc=$30,511; buy1m=$3,453; sell1m=$2,067; buyers1m=72; trades1m=111",3453.1210914759436,2067.175231920991,0.5986396587782077,72,111,10,12.8844,11819.040213434942,0
26,v3_fast_breakout_50_before_minus_20,closed,hehe,hehe,6AJdTJNuKB39gsCKs3xL8cuwRzPrUorQArytb4BhJcDd,1781046253,230,25554.883213081797,2.5554883187526913e-05,20.0,1781046895,28423.263994059973,2.84233455267225e-05,max hold,11.224394011356011,2.2448788022712023,0.0,11.224394011356011,"FAST_BREAKOUT; mc=$25,555; buy1m=$6,847; sell1m=$0; buyers1m=42; trades1m=61",6846.571466062695,0.07119083098202038,1.0398026418755924e-05,42,61,8,17.284,40864.15428518468,0
27,v3_fast_breakout_50_before_minus_20,closed,IIRTD,India Ipo Tiger Drum,7GZqT8nd1X2boMhdUejZAEydxmT99kKt57u8DvKKpump,1781046257,255,31937.944192639217,0.015968972096319606,20.0,1781046687,38719.99375003821,0.0,rug,21.235084877385624,4.247016975477127,0.0,21.235084877385624,"FAST_BREAKOUT; mc=$31,938; buy1m=$2,202; sell1m=$1,005; buyers1m=22; trades1m=29",2201.5858145511247,1005.0906169844725,0.45653029300127357,22,29,8,16.477700000000002,38298.265662801205,0
28,v3_fast_breakout_50_before_minus_20,closed,NASDANQ,Nasdanq,4GAMBEUZYwxZsf8G4bACC29mDnbtaKyuSpCQdkSEKFAM,1781047452,250,18100.15450904065,1.8100154509040652e-05,20.0,1781048088,23436.10938939402,2.343610938939402e-05,max hold,29.48016204882765,5.896032409765528,0.0,29.48016204882765,"FAST_BREAKOUT; mc=$18,100; buy1m=$3,610; sell1m=$3,050; buyers1m=183; trades1m=250",3610.1496056391497,3050.253919931644,0.8449106693991479,183,250,6,26.245300000000004,21777.374004751393,0
29,v3_fast_breakout_50_before_minus_20,closed,Wpwbn,Walmart Basket Ninja,FhjNg23ss7GCMu55Zn1GiLcn3ZViWSZjY1mr2EJbpump,1781047915,209,31388.51383404094,0.007847128458510235,20.0,1781048556,22188.571077683162,0.0,stop loss,-29.309902357914158,-5.8619804715828305,-29.309902357914158,20.46307402544929,"FAST_BREAKOUT; mc=$31,389; buy1m=$4,096; sell1m=$661; buyers1m=22; trades1m=29",4095.650499446866,660.8614783439072,0.16135690250746718,22,29,8,23.061700000000005,40312.407830616954,0
30,v3_fast_breakout_50_before_minus_20,closed,motion,motion,2WtFX7yauA4uo7PW99WwVf5BphNSsi5dZQL4kspUpump,1781047932,291,11538.90089891859,1.153890089891859e-05,20.0,1781048158,8485.115490778413,8.485115490778413e-06,stop loss,-26.46513246704782,-5.293026493409565,-26.46513246704782,0.0,"FAST_BREAKOUT; mc=$11,539; buy1m=$1,552; sell1m=$623; buyers1m=27; trades1m=53",1551.8543232065642,623.2970652961405,0.4016466339496576,27,53,8,17.9916,14579.476876,0
31,v3_fast_breakout_50_before_minus_20,closed,BRIM,BrimFable,9smMJxtru37j29w7pfcQZfpKXdsUohuDXqHFaLJcpump,1781048887,265,10965.962809236818,1.0965962809236818e-05,20.0,1781049099,29960.334710656545,2.9960334710656545e-05,take profit,173.21207660325496,34.64241532065099,0.0,173.21207660325496,"FAST_BREAKOUT; mc=$10,966; buy1m=$1,295; sell1m=$375; buyers1m=32; trades1m=57",1295.2840564731887,374.8321107624048,0.28938216979447823,32,57,10,21.9662,9577.015364014173,0
32,v3_fast_breakout_50_before_minus_20,closed,SPCX,SPACEX IPO,DGhNShcdvJrmmG6k8ZFhYPRULGDmP4H62oJ78ya349K9,1781049134,278,31608.724668505565,3.160872463689684e-05,20.0,1781049790,43218.83221003209,4.321883216687731e-05,max hold,36.730705408986815,7.346141081797363,0.0,36.730705408986815,"FAST_BREAKOUT; mc=$31,609; buy1m=$47,977; sell1m=$0; buyers1m=77; trades1m=128",47976.81250235082,0.0,0.0,77,128,8,19.260199999999998,46358.07894708216,0
33,v3_fast_breakout_50_before_minus_20,closed,$TESTICLE,testicle,DQTCKa9AYMJE2qSz45tPHoNwocg4CeUjU4vusARirjGG,1781049650,284,39207.94317196995,3.9207943132762005e-05,20.0,1781050403,51815.85646960876,5.1815856417792915e-05,max hold,32.15652818700346,6.4313056374006905,0.0,32.15652818700346,"FAST_BREAKOUT; mc=$39,208; buy1m=$28,403; sell1m=$1,208; buyers1m=50; trades1m=83",28402.909539397435,1208.0623541097864,0.0425330493847503,50,83,5,6.1949000000000005,71990.67838122061,0
34,v3_fast_breakout_50_before_minus_20,closed,SALTY,Salty,G4ActJQecY9YKsSoFScnF8np64nVdK2ciAv5TrHEpump,1781050096,280,8920.48333753032,8.920483337530321e-06,20.0,1781050293,13605.486299205166,1.3605486299205167e-05,take profit,52.51960890912791,10.503921781825582,0.0,52.51960890912791,"FAST_BREAKOUT; mc=$8,920; buy1m=$1,792; sell1m=$806; buyers1m=36; trades1m=77",1791.9407204300082,805.7358769814584,0.4496442699221142,36,77,9,13.723500000000001,12818.99311,0
35,v3_fast_breakout_50_before_minus_20,closed,清正,Kiyomasa,BQDhXhKWFsUxkfKJpUPZpxusVcXpj81PiZfjJc2d6KYt,1781050709,205,14652.539080633122,1.4652539080633121e-05,20.0,1781051373,15900.160323773853,1.5900160323773853e-05,max hold,8.514710223771147,1.7029420447542307,0.0,20.406975403075847,"FAST_BREAKOUT; mc=$14,653; buy1m=$15,281; sell1m=$955; buyers1m=33; trades1m=58",15280.926966888741,955.4869509167387,0.06252807522653056,33,58,8,27.970100000000002,19741.100416072935,0
36,v3_fast_breakout_50_before_minus_20,closed,BTCWP,Bitcoin Portal,4D7JxKPRr5AeMYhjyJKaZnZ2jnoNqPauNRr7BtwApump,1781050710,213,35727.18187306756,0.07145436374613513,20.0,1781051196,35972.38356474589,0.0,rug,0.6863169128466139,0.1372633825693228,-3.4599522241751233,0.6863169128466139,"FAST_BREAKOUT; mc=$35,727; buy1m=$1,081; sell1m=$88; buyers1m=20; trades1m=24",1080.9561864162692,88.48342615981802,0.08185662589449637,20,24,8,19.4945,43823.665631604075,0
37,v3_fast_breakout_50_before_minus_20,closed,ape,ape,F4oHwNfU5igpZWcfBSW3RmPc2MbrJP4ZfhYe7zSQpump,1781050722,263,35103.66887612296,3.510366887612296e-05,20.0,1781051378,46210.371565957095,4.621037156595709e-05,max hold,31.63972042075854,6.3279440841517065,0.0,31.63972042075854,"FAST_BREAKOUT; mc=$35,104; buy1m=$3,942; sell1m=$2,057; buyers1m=72; trades1m=164",3942.314815458326,2057.106940145659,0.5218017932204391,72,164,10,18.230999999999998,25429.392036,0
38,v3_fast_breakout_50_before_minus_20,closed,BRIM,BrimFable,HMjE9z5M6joxN1W5mS6fU7GMZsXGJsDfpbVNjjaTtDSm,1781051248,258,23955.94759872473,2.3955947574768783e-05,20.0,1781051942,25918.546279671365,2.5918546253752818e-05,max hold,8.192532033469261,1.6385064066938497,-0.7960387634422275,11.257034165216972,"FAST_BREAKOUT; mc=$23,956; buy1m=$5,610; sell1m=$0; buyers1m=50; trades1m=62",5609.823559593242,0.0,0.0,50,62,8,14.289599999999998,39569.26424932633,0
39,v3_fast_breakout_50_before_minus_20,closed,USMC,United States Meme Coin,CwDKDqSoDAeHP3pH6nLWq8sPwh7SkBeschQUxGmxeDSJ,1781051250,283,24116.945568078183,2.411694556807818e-05,20.0,1781051944,22299.881984771273,2.2299881984771273e-05,max hold,-7.534385223774037,-1.5068770447548054,-7.534385223774037,39.64246616604111,"FAST_BREAKOUT; mc=$24,117; buy1m=$10,461; sell1m=$8,369; buyers1m=70; trades1m=208",10460.53401488358,8369.26589803726,0.8000801762251528,70,208,10,14.0469,27586.364700777172,0
40,v3_fast_breakout_50_before_minus_20,closed,ZEBILLA,ZEBILLA,CKEgQ3fixCEQf3Fqq11fBENhPP66hXFcHgbC3JP8pump,1781051451,223,16842.017903002252,1.684201790300225e-05,20.0,1781051623,46624.52274346568,4.6624522743465674e-05,take profit,176.83453973264335,35.36690794652867,0.0,176.83453973264335,"FAST_BREAKOUT; mc=$16,842; buy1m=$4,140; sell1m=$3,220; buyers1m=60; trades1m=119",4140.023856073963,3220.201882677592,0.7778220596369584,60,119,10,9.9067,11873.211130953496,0
41,v3_fast_breakout_50_before_minus_20,closed,$BRIM,BrimFable,BxHAds1X8QBEsjqCiofgNe1vTuctmU7VJ1NE81soEJkY,1781052220,253,39565.16095041327,3.956516091084811e-05,20.0,1781052898,44531.02556958898,4.4531025525057956e-05,max hold,12.551104304616349,2.510220860923269,0.0,12.551104304616349,"FAST_BREAKOUT; mc=$39,565; buy1m=$29,789; sell1m=$1; buyers1m=50; trades1m=84",29789.254567634143,1.144588639435116,3.842286945570988e-05,50,84,5,8.3761,71957.18436340393,0
42,v3_fast_breakout_50_before_minus_20,closed,AESOP,Aesop,63EnbMNAdfmme2MN2GJTdw7WqHDcZRggLPD8oyfUjgZf,1781052604,224,17510.548052239366,1.751054805223937e-05,20.0,1781052768,26400.71709746257,2.640071709746257e-05,take profit,50.77036434668456,10.154072869336911,0.0,50.77036434668456,"FAST_BREAKOUT; mc=$17,511; buy1m=$2,646; sell1m=$1,831; buyers1m=57; trades1m=133",2645.531825430044,1830.5369681217521,0.6919353418945128,57,133,10,25.403800000000004,12086.650196679571,0
43,v3_fast_breakout_50_before_minus_20,closed,PENGUIN,Nietzschean Penguin,5ffy1tj6UyhnGYmqBTrKJkNXJfcvw8czH7EeDrBEpump,1781052788,229,17813.011632540223,1.7813011632540224e-05,20.0,1781053519,9739.174678025858,9.739174678025858e-06,stop loss,-45.32550206033294,-9.065100412066588,-45.32550206033294,31.423924307488036,"FAST_BREAKOUT; mc=$17,813; buy1m=$1,805; sell1m=$1,122; buyers1m=43; trades1m=89",1805.4686570929962,1122.0630351415405,0.6214802072212019,43,89,8,17.7419,18114.585396,0
44,v3_fast_breakout_50_before_minus_20,closed,Tesla AI,Tesla AI,BBpThs1AzCqDTCkUKh8nfAM63JyRbY4rgBdoJrBPoB1G,1781053205,297,37489.245400917825,3.7489245363428576e-05,20.0,1781053976,31852.734797530036,3.18527347656773e-05,max hold,-15.035006821582474,-3.007001364316494,-18.041645913887454,0.0,"FAST_BREAKOUT; mc=$37,489; buy1m=$5,357; sell1m=$0; buyers1m=41; trades1m=52",5357.4754687026725,0.0,0.0,41,52,10,59.09530000000001,29010.52936642798,0
45,v3_fast_breakout_50_before_minus_20,closed,USMC,United States Meme Coin,ATqwH9CdpPiwuC3a3cQB9KCdn5p1eP8z2VojkaXcPr7Z,1781053406,263,21913.15111483744,2.191315109292429e-05,20.0,1781054201,26907.33958883599,2.690733956192865e-05,max hold,22.79082751643588,4.558165503287178,0.0,22.79082751643588,"FAST_BREAKOUT; mc=$21,913; buy1m=$6,437; sell1m=$1; buyers1m=47; trades1m=63",6436.911250890602,1.1007508207225924,0.00017100605831256322,47,63,6,12.071700000000002,37892.908797977594,0
46,v3_fast_breakout_50_before_minus_20,closed,SlinkyCat,SlinkyCat,FASVXNNHh7JZxoG8VeZf5fZFgH7J5FAvzPiqu7SMpump,1781053611,183,10896.767598785851,1.089676759878585e-05,20.0,1781054003,7185.561875773095,7.185561875773096e-06,stop loss,-34.05785880416747,-6.811571760833495,-34.05785880416747,26.741269989484156,"FAST_BREAKOUT; mc=$10,897; buy1m=$2,236; sell1m=$716; buyers1m=20; trades1m=31",2236.324493373611,716.0527775706432,0.3201918056580602,20,31,10,47.7719,9555.70135005338,0
47,v3_fast_breakout_50_before_minus_20,closed,BRIM,BrimFable,3ZBFPJBhnR8dUJc4nZ1hYysk34vQSGkgJafBJodugddB,1781053836,195,11795.674785443036,1.1795674785443037e-05,20.0,1781054032,8869.980492357618,8.869980492357618e-06,stop loss,-24.803110854632905,-4.96062217092658,-24.803110854632905,0.0,"FAST_BREAKOUT; mc=$11,796; buy1m=$7,843; sell1m=$481; buyers1m=20; trades1m=50",7843.353417120283,481.3062982353092,0.06136486176750947,20,50,8,18.436,17661.76941437115,0
48,v3_fast_breakout_50_before_minus_20,closed,Lbvf,LONDON BANK FOX,F67F9wgZQ7d8wMYHVLapzbeqmFZbjFp4s3eqPyzqpump,1781055485,192,26669.510494881502,2.6669510494881503e-05,20.0,1781056071,34387.65334531128,0.0,rug,28.93994942993448,5.787989885986896,0.0,31.476824649249597,"FAST_BREAKOUT; mc=$26,670; buy1m=$1,094; sell1m=$484; buyers1m=22; trades1m=28",1094.460773095337,484.0931676399067,0.44231203122136753,22,28,8,10.617300000000002,38363.18527667413,0
49,v3_fast_breakout_50_before_minus_20,closed,Groyper,Groyper,94Zc9CLCtbS3ThQbMfTSs1LNsHbhomiDr1Xgmqrypump,1781056394,276,9831.42814340008,9.83142814340008e-06,20.0,1781056612,6004.338866365488,6.0043388663654875e-06,stop loss,-38.927094021469806,-7.785418804293961,-38.927094021469806,0.0,"FAST_BREAKOUT; mc=$9,831; buy1m=$1,008; sell1m=$500; buyers1m=16; trades1m=28",1007.8201936894047,500.37172367571736,0.49648908288289817,16,28,10,17.603,13457.612654,0
50,v3_fast_breakout_50_before_minus_20,closed,DGPT,DocGPT,Cue1pepysktENEGV2uLxsitgMTaXDCetGhovPJ7V89kv,1781057087,292,24091.488908672312,2.4091488908672313e-05,20.0,1781057279,16904.57099035321,1.6904570990353208e-05,stop loss,-29.831771483961695,-5.966354296792339,-29.831771483961695,0.0,"FAST_BREAKOUT; mc=$24,091; buy1m=$11,537; sell1m=$9,072; buyers1m=76; trades1m=191",11537.069013210476,9071.98502321249,0.7863336010926735,76,191,10,25.944499999999998,27405.904151798568,0
51,v3_fast_breakout_50_before_minus_20,closed,Ccdl,CHILE LLAMA,AC3MbZ8DMESRZrEybCCZAyZQGyg61pjXUGZvg2Xepump,1781057320,293,39152.08538787029,0.07830417077574058,20.0,1781057728,39351.69224813917,0.0,rug,0.5098243383243025,0.1019648676648579,-2.2543311295150565,0.5098243383243025,"FAST_BREAKOUT; mc=$39,152; buy1m=$1,918; sell1m=$171; buyers1m=25; trades1m=28",1917.6506115307589,171.26061098072597,0.089307515118209,25,28,8,21.776999999999997,43945.857523117316,0
52,v3_fast_breakout_50_before_minus_20,closed,CTR,CTR,6us1u2wmuNb1qbd3KNoarrpeKh7JUtbbypZJFwZVNxsS,1781057986,238,31319.898716288237,3.131989868496834e-05,20.0,1781058760,33788.46272778965,3.3788462694001185e-05,max hold,7.881775205797878,1.576355041159573,-8.85352164609569,7.881775205797878,"FAST_BREAKOUT; mc=$31,320; buy1m=$42,290; sell1m=$2; buyers1m=56; trades1m=97",42290.36864798751,1.6700191197556618,3.9489348831560345e-05,56,97,6,20.234,45790.136636091294,0
53,v3_fast_breakout_50_before_minus_20,closed,SCST,Seoul Shield Tiger,EkegYRL6uaopVWXyKpbVSGEfEctme3FJrfMtG43bpump,1781058875,266,38800.87943653065,0.04850109929566332,20.0,1781059099,40271.52106020893,0.0,rug,3.7902275542076507,0.7580455108415336,0.0,3.7902275542076507,"FAST_BREAKOUT; mc=$38,801; buy1m=$1,213; sell1m=$851; buyers1m=24; trades1m=28",1212.5559500894194,851.3587554390303,0.7021191520079938,24,28,8,22.2789,39189.02296462175,0
54,v3_fast_breakout_50_before_minus_20,closed,Fap,Fap Guy,9T38wbBKYgNVFhNmxwpUPzCajMv4MLg1EhpL3dpPpump,1781060442,177,8257.414445719318,8.257414445719318e-06,20.0,1781060613,6461.922746564726,6.461922746564726e-06,stop loss,-21.74399396999363,-4.348798793998727,-21.74399396999363,0.0,"FAST_BREAKOUT; mc=$8,257; buy1m=$1,063; sell1m=$709; buyers1m=26; trades1m=64",1062.8014082764648,708.6596028754101,0.6667845915114441,26,64,8,21.4478,12333.370006,0
55,v3_fast_breakout_50_before_minus_20,closed,SlinkyCat,SlinkyCat,EFta2LfkYsRed3JcTgxoeZBbHBJoKNPiphpSMjWCpump,1781061244,294,15116.35037740962,1.511635037740962e-05,20.0,1781061848,18642.745635346953,1.8642745635346952e-05,max hold,23.328350890882334,4.6656701781764625,0.0,23.328350890882334,"FAST_BREAKOUT; mc=$15,116; buy1m=$1,020; sell1m=$26; buyers1m=19; trades1m=27",1019.7178389788071,26.2566053544982,0.025748892831759015,19,27,10,25.6455,11206.088086715388,0
