rule_version,passed_filter,failed_reason,decisions
v1_a_type_20_before_minus_20,0,"age_over_5m,mc_not_5k_20k,buy_volume_1m_low,unique_buyers_1m_low",917
v1_a_type_20_before_minus_20,0,"age_over_5m,mc_not_5k_20k,buy_volume_1m_low,unique_buyers_1m_low,dev_sold",408
v1_a_type_20_before_minus_20,0,"age_over_5m,mc_not_5k_20k,buy_volume_1m_low,unique_buyers_1m_low,risk_score_high",331
v1_a_type_20_before_minus_20,0,"mc_not_5k_20k,buy_volume_1m_low,unique_buyers_1m_low,dev_sold",303
v1_a_type_20_before_minus_20,0,"age_over_5m,mc_not_5k_20k,buy_volume_1m_low,unique_buyers_1m_low,dev_sold,risk_score_high",172
v1_a_type_20_before_minus_20,0,"mc_not_5k_20k,buy_volume_1m_low,unique_buyers_1m_low,dev_sold,risk_score_high",120
v1_a_type_20_before_minus_20,0,"mc_not_5k_20k,buy_volume_1m_low,unique_buyers_1m_low",77
v1_a_type_20_before_minus_20,0,"mc_not_5k_20k,buy_volume_1m_low,unique_buyers_1m_low,sell_volume_gt_buy_volume,dev_sold",53
v1_a_type_20_before_minus_20,0,"mc_not_5k_20k,buy_volume_1m_low,unique_buyers_1m_low,sell_volume_gt_buy_volume,dev_sold,risk_score_high",32
v1_a_type_20_before_minus_20,0,"age_over_5m,mc_not_5k_20k,buy_volume_1m_low,unique_buyers_1m_low,rugged,risk_score_high",27
v1_a_type_20_before_minus_20,0,"mc_not_5k_20k,buy_volume_1m_low,unique_buyers_1m_low,risk_score_high",25
v1_a_type_20_before_minus_20,0,"age_over_5m,mc_not_5k_20k,buy_volume_1m_low,unique_buyers_1m_low,rugged,risk_score_high,top10_concentration_high",20
v1_a_type_20_before_minus_20,0,"age_over_5m,mc_not_5k_20k,buy_volume_1m_low,unique_buyers_1m_low,sell_volume_gt_buy_volume",17
v1_a_type_20_before_minus_20,0,"age_over_5m,buy_volume_1m_low,unique_buyers_1m_low,risk_score_high",12
v1_a_type_20_before_minus_20,0,"age_over_5m,dev_sold",11
v1_a_type_20_before_minus_20,0,"buy_volume_1m_low,dev_sold",11
v1_a_type_20_before_minus_20,0,"mc_not_5k_20k,dev_sold,risk_score_high",11
v1_a_type_20_before_minus_20,0,"age_over_5m,mc_not_5k_20k,risk_score_high",9
v1_a_type_20_before_minus_20,0,"age_over_5m,mc_not_5k_20k",8
v1_a_type_20_before_minus_20,0,"age_over_5m,mc_not_5k_20k,buy_volume_1m_low,unique_buyers_1m_low,sell_volume_gt_buy_volume,dev_sold",8
v1_a_type_20_before_minus_20,0,"age_over_5m,buy_volume_1m_low,unique_buyers_1m_low",7
v1_a_type_20_before_minus_20,0,"age_over_5m,mc_not_5k_20k,buy_volume_1m_low,risk_score_high",7
v1_a_type_20_before_minus_20,0,"age_over_5m,mc_not_5k_20k,buy_volume_1m_low,unique_buyers_1m_low,sell_volume_gt_buy_volume,risk_score_high",7
v1_a_type_20_before_minus_20,0,"age_over_5m,mc_not_5k_20k,dev_sold,risk_score_high",7
v1_a_type_20_before_minus_20,0,dev_sold,7
v1_a_type_20_before_minus_20,0,"mc_not_5k_20k,buy_volume_1m_low,risk_score_high",7
v1_a_type_20_before_minus_20,0,age_over_5m,6
v1_a_type_20_before_minus_20,0,"age_over_5m,buy_volume_1m_low,dev_sold,risk_score_high",6
v1_a_type_20_before_minus_20,0,"age_over_5m,buy_volume_1m_low,unique_buyers_1m_low,dev_sold",6
v1_a_type_20_before_minus_20,0,"age_over_5m,buy_volume_1m_low,unique_buyers_1m_low,sell_volume_gt_buy_volume,risk_score_high",6
v1_a_type_20_before_minus_20,0,"age_over_5m,mc_not_5k_20k,buy_volume_1m_low,unique_buyers_1m_low,sell_volume_gt_buy_volume,dev_sold,risk_score_high",6
v1_a_type_20_before_minus_20,0,"age_over_5m,sell_volume_gt_buy_volume,dev_sold",6
v1_a_type_20_before_minus_20,0,"buy_volume_1m_low,dev_sold,risk_score_high",6
v1_a_type_20_before_minus_20,0,"mc_not_5k_20k,buy_volume_1m_low,unique_buyers_1m_low,sell_volume_gt_buy_volume",6
v1_a_type_20_before_minus_20,0,"age_over_5m,buy_volume_1m_low,risk_score_high",5
v1_a_type_20_before_minus_20,0,"age_over_5m,buy_volume_1m_low,sell_volume_gt_buy_volume,dev_sold,risk_score_high",5
v1_a_type_20_before_minus_20,0,"age_over_5m,buy_volume_1m_low,unique_buyers_1m_low,sell_volume_gt_buy_volume,dev_sold,risk_score_high",5
v1_a_type_20_before_minus_20,0,"age_over_5m,mc_not_5k_20k,buy_volume_1m_low,sell_volume_gt_buy_volume,risk_score_high",5
v1_a_type_20_before_minus_20,0,"buy_volume_1m_low,sell_volume_gt_buy_volume,dev_sold,risk_score_high",5
v1_a_type_20_before_minus_20,0,"mc_not_5k_20k,buy_volume_1m_low,sell_volume_gt_buy_volume,dev_sold,risk_score_high",5
v1_a_type_20_before_minus_20,0,"age_over_5m,mc_not_5k_20k,buy_volume_1m_low",4
v1_a_type_20_before_minus_20,0,"age_over_5m,mc_not_5k_20k,buy_volume_1m_low,dev_sold,risk_score_high",4
v1_a_type_20_before_minus_20,0,"age_over_5m,mc_not_5k_20k,buy_volume_1m_low,sell_volume_gt_buy_volume",4
v1_a_type_20_before_minus_20,0,"age_over_5m,mc_not_5k_20k,buy_volume_1m_low,unique_buyers_1m_low,dev_sold,rugged,risk_score_high",4
v1_a_type_20_before_minus_20,0,"mc_not_5k_20k,buy_volume_1m_low,dev_sold",4
v1_a_type_20_before_minus_20,0,"mc_not_5k_20k,buy_volume_1m_low,dev_sold,risk_score_high",4
v1_a_type_20_before_minus_20,0,risk_score_high,4
v1_a_type_20_before_minus_20,0,"age_over_5m,mc_not_5k_20k,buy_volume_1m_low,unique_buyers_1m_low,dev_sold,rugged,risk_score_high,top10_concentration_high",3
v1_a_type_20_before_minus_20,0,"age_over_5m,mc_not_5k_20k,sell_volume_gt_buy_volume,risk_score_high",3
v1_a_type_20_before_minus_20,0,"buy_volume_1m_low,sell_volume_gt_buy_volume,dev_sold",3
v1_a_type_20_before_minus_20,0,"buy_volume_1m_low,unique_buyers_1m_low,sell_volume_gt_buy_volume,dev_sold",3
v1_a_type_20_before_minus_20,0,"mc_not_5k_20k,buy_volume_1m_low",3
v1_a_type_20_before_minus_20,0,"mc_not_5k_20k,sell_volume_gt_buy_volume",3
v1_a_type_20_before_minus_20,0,"age_over_5m,buy_volume_1m_low,unique_buyers_1m_low,dev_sold,risk_score_high",2
v1_a_type_20_before_minus_20,0,"age_over_5m,mc_not_5k_20k,buy_volume_1m_low,dev_sold",2
v1_a_type_20_before_minus_20,0,"age_over_5m,mc_not_5k_20k,dev_sold",2
v1_a_type_20_before_minus_20,0,"buy_volume_1m_low,risk_score_high",2
v1_a_type_20_before_minus_20,0,"buy_volume_1m_low,unique_buyers_1m_low,dev_sold",2
v1_a_type_20_before_minus_20,0,"buy_volume_1m_low,unique_buyers_1m_low,sell_volume_gt_buy_volume,dev_sold,risk_score_high",2
v1_a_type_20_before_minus_20,0,"buy_volume_1m_low,unique_buyers_1m_low,sell_volume_gt_buy_volume,risk_score_high",2
v1_a_type_20_before_minus_20,0,"mc_not_5k_20k,buy_volume_1m_low,sell_volume_gt_buy_volume,dev_sold",2
v1_a_type_20_before_minus_20,0,"mc_not_5k_20k,buy_volume_1m_low,sell_volume_gt_buy_volume,risk_score_high",2
v1_a_type_20_before_minus_20,0,"mc_not_5k_20k,buy_volume_1m_low,unique_buyers_1m_low,rugged,risk_score_high",2
v1_a_type_20_before_minus_20,0,"mc_not_5k_20k,buy_volume_1m_low,unique_buyers_1m_low,rugged,risk_score_high,top10_concentration_high",2
v1_a_type_20_before_minus_20,0,"mc_not_5k_20k,buy_volume_1m_low,unique_buyers_1m_low,sell_volume_gt_buy_volume,risk_score_high",2
v1_a_type_20_before_minus_20,0,"mc_not_5k_20k,dev_sold",2
v1_a_type_20_before_minus_20,0,"mc_not_5k_20k,risk_score_high",2
v1_a_type_20_before_minus_20,0,"age_over_5m,buy_volume_1m_low",1
v1_a_type_20_before_minus_20,0,"age_over_5m,buy_volume_1m_low,dev_sold",1
v1_a_type_20_before_minus_20,0,"age_over_5m,buy_volume_1m_low,sell_volume_gt_buy_volume",1
v1_a_type_20_before_minus_20,0,"age_over_5m,buy_volume_1m_low,sell_volume_gt_buy_volume,dev_sold",1
v1_a_type_20_before_minus_20,0,"age_over_5m,buy_volume_1m_low,sell_volume_gt_buy_volume,dev_sold,rugged,risk_score_high",1
v1_a_type_20_before_minus_20,0,"age_over_5m,buy_volume_1m_low,sell_volume_gt_buy_volume,risk_score_high",1
v1_a_type_20_before_minus_20,0,"age_over_5m,buy_volume_1m_low,unique_buyers_1m_low,rugged,risk_score_high",1
v1_a_type_20_before_minus_20,0,"age_over_5m,buy_volume_1m_low,unique_buyers_1m_low,sell_volume_gt_buy_volume",1
v1_a_type_20_before_minus_20,0,"age_over_5m,buy_volume_1m_low,unique_buyers_1m_low,sell_volume_gt_buy_volume,dev_sold",1
v1_a_type_20_before_minus_20,0,"age_over_5m,mc_not_5k_20k,sell_volume_gt_buy_volume",1
v1_a_type_20_before_minus_20,0,"age_over_5m,risk_score_high",1
v1_a_type_20_before_minus_20,0,"age_over_5m,sell_volume_gt_buy_volume,risk_score_high",1
v1_a_type_20_before_minus_20,0,buy_volume_1m_low,1
v1_a_type_20_before_minus_20,0,"buy_volume_1m_low,sell_volume_gt_buy_volume,risk_score_high",1
v1_a_type_20_before_minus_20,0,"buy_volume_1m_low,unique_buyers_1m_low,dev_sold,risk_score_high",1
v1_a_type_20_before_minus_20,0,"buy_volume_1m_low,unique_buyers_1m_low,risk_score_high",1
v1_a_type_20_before_minus_20,0,"buy_volume_1m_low,unique_buyers_1m_low,sell_volume_gt_buy_volume,dev_sold,rugged,risk_score_high,top10_concentration_high",1
v1_a_type_20_before_minus_20,0,"dev_sold,risk_score_high",1
v1_a_type_20_before_minus_20,0,mc_not_5k_20k,1
v1_a_type_20_before_minus_20,0,"mc_not_5k_20k,buy_volume_1m_low,rugged,risk_score_high,top10_concentration_high",1
v1_a_type_20_before_minus_20,0,"mc_not_5k_20k,buy_volume_1m_low,sell_volume_gt_buy_volume",1
v1_a_type_20_before_minus_20,0,"mc_not_5k_20k,buy_volume_1m_low,unique_buyers_1m_low,dev_sold,rugged,risk_score_high,top10_concentration_high",1
v1_a_type_20_before_minus_20,0,"mc_not_5k_20k,rugged,risk_score_high,top10_concentration_high",1
v1_a_type_20_before_minus_20,0,"mc_not_5k_20k,sell_volume_gt_buy_volume,dev_sold,risk_score_high",1
v1_a_type_20_before_minus_20,0,"mc_not_5k_20k,sell_volume_gt_buy_volume,risk_score_high",1
v1_a_type_20_before_minus_20,0,"sell_volume_gt_buy_volume,dev_sold",1
v1_a_type_20_before_minus_20,0,"sell_volume_gt_buy_volume,dev_sold,risk_score_high",1
v1_a_type_20_before_minus_20,1,,1
v3_fast_breakout_50_before_minus_20,0,"age_over_5m,mc_not_5k_50k,buy_volume_1m_low,unique_buyers_1m_low,trade_count_1m_low",49235
v3_fast_breakout_50_before_minus_20,0,"mc_not_5k_50k,buy_volume_1m_low,unique_buyers_1m_low,trade_count_1m_low",3613
v3_fast_breakout_50_before_minus_20,0,"age_over_5m,buy_volume_1m_low,unique_buyers_1m_low,trade_count_1m_low",990
v3_fast_breakout_50_before_minus_20,0,"age_over_5m,mc_not_5k_50k,buy_volume_1m_low,unique_buyers_1m_low,trade_count_1m_low,rugged",930
v3_fast_breakout_50_before_minus_20,0,"age_over_5m,mc_not_5k_50k,buy_volume_1m_low,unique_buyers_1m_low,trade_count_1m_low,sell_pressure_high",755
v3_fast_breakout_50_before_minus_20,0,"age_over_5m,sell_pressure_high",668
v3_fast_breakout_50_before_minus_20,0,"age_over_5m,mc_not_5k_50k,buy_volume_1m_low,unique_buyers_1m_low,trade_count_1m_low,rugged,top10_concentration_high",579
v3_fast_breakout_50_before_minus_20,0,"age_over_5m,mc_not_5k_50k",339
v3_fast_breakout_50_before_minus_20,0,age_over_5m,299
v3_fast_breakout_50_before_minus_20,0,"age_over_5m,buy_volume_1m_low,unique_buyers_1m_low,trade_count_1m_low,sell_pressure_high",298
v3_fast_breakout_50_before_minus_20,0,"mc_not_5k_50k,buy_volume_1m_low,unique_buyers_1m_low,trade_count_1m_low,sell_pressure_high",249
v3_fast_breakout_50_before_minus_20,0,"age_over_5m,buy_volume_1m_low,unique_buyers_1m_low,trade_count_1m_low,rugged,top10_concentration_high",195
v3_fast_breakout_50_before_minus_20,0,"age_over_5m,buy_volume_1m_low,sell_pressure_high",188
v3_fast_breakout_50_before_minus_20,0,"age_over_5m,mc_not_5k_50k,sell_pressure_high",164
v3_fast_breakout_50_before_minus_20,0,"age_over_5m,buy_volume_1m_low",147
v3_fast_breakout_50_before_minus_20,0,"age_over_5m,buy_volume_1m_low,unique_buyers_1m_low,trade_count_1m_low,rugged",131
v3_fast_breakout_50_before_minus_20,0,sell_pressure_high,83
v3_fast_breakout_50_before_minus_20,0,"buy_volume_1m_low,unique_buyers_1m_low,trade_count_1m_low",61
v3_fast_breakout_50_before_minus_20,1,,55
v3_fast_breakout_50_before_minus_20,0,"age_over_5m,buy_volume_1m_low,unique_buyers_1m_low,sell_pressure_high",53
v3_fast_breakout_50_before_minus_20,0,"age_over_5m,mc_not_5k_50k,sell_pressure_high,top10_concentration_high",39
v3_fast_breakout_50_before_minus_20,0,"age_over_5m,mc_not_5k_50k,top10_concentration_high",39
v3_fast_breakout_50_before_minus_20,0,"age_over_5m,mc_not_5k_50k,buy_volume_1m_low,unique_buyers_1m_low,sell_pressure_high",36
v3_fast_breakout_50_before_minus_20,0,buy_volume_1m_low,33
v3_fast_breakout_50_before_minus_20,0,mc_not_5k_50k,32
v3_fast_breakout_50_before_minus_20,0,"buy_volume_1m_low,sell_pressure_high",27
v3_fast_breakout_50_before_minus_20,0,"mc_not_5k_50k,buy_volume_1m_low,unique_buyers_1m_low,trade_count_1m_low,rugged",27
v3_fast_breakout_50_before_minus_20,0,"age_over_5m,mc_not_5k_50k,buy_volume_1m_low,unique_buyers_1m_low,trade_count_1m_low,top10_concentration_high",26
v3_fast_breakout_50_before_minus_20,0,"buy_volume_1m_low,unique_buyers_1m_low,trade_count_1m_low,sell_pressure_high",24
v3_fast_breakout_50_before_minus_20,0,"age_over_5m,mc_not_5k_50k,buy_volume_1m_low,sell_pressure_high",23
v3_fast_breakout_50_before_minus_20,0,"mc_not_5k_50k,buy_volume_1m_low,unique_buyers_1m_low,sell_pressure_high",21
v3_fast_breakout_50_before_minus_20,0,"age_over_5m,buy_volume_1m_low,trade_count_1m_low",20
v3_fast_breakout_50_before_minus_20,0,"mc_not_5k_50k,buy_volume_1m_low,unique_buyers_1m_low,trade_count_1m_low,rugged,top10_concentration_high",17
v3_fast_breakout_50_before_minus_20,0,"mc_not_5k_50k,sell_pressure_high",15
v3_fast_breakout_50_before_minus_20,0,"age_over_5m,mc_not_5k_50k,buy_volume_1m_low",14
v3_fast_breakout_50_before_minus_20,0,"age_over_5m,sell_pressure_high,top10_concentration_high",12
v3_fast_breakout_50_before_minus_20,0,"age_over_5m,mc_not_5k_50k,buy_volume_1m_low,sell_pressure_high,top10_concentration_high",11
v3_fast_breakout_50_before_minus_20,0,"age_over_5m,mc_not_5k_50k,buy_volume_1m_low,unique_buyers_1m_low,trade_count_1m_low,sell_pressure_high,top10_concentration_high",11
v3_fast_breakout_50_before_minus_20,0,"buy_volume_1m_low,trade_count_1m_low",10
v3_fast_breakout_50_before_minus_20,0,"buy_volume_1m_low,unique_buyers_1m_low,sell_pressure_high",10
v3_fast_breakout_50_before_minus_20,0,"age_over_5m,mc_not_5k_50k,sell_pressure_high,rugged,top10_concentration_high",9
v3_fast_breakout_50_before_minus_20,0,"buy_volume_1m_low,unique_buyers_1m_low,trade_count_1m_low,rugged",9
v3_fast_breakout_50_before_minus_20,0,"buy_volume_1m_low,unique_buyers_1m_low,trade_count_1m_low,rugged,top10_concentration_high",8
v3_fast_breakout_50_before_minus_20,0,"mc_not_5k_50k,buy_volume_1m_low",8
v3_fast_breakout_50_before_minus_20,0,"age_over_5m,buy_volume_1m_low,unique_buyers_1m_low",7
v3_fast_breakout_50_before_minus_20,0,"age_over_5m,mc_not_5k_50k,sell_pressure_high,rugged",7
v3_fast_breakout_50_before_minus_20,0,"age_over_5m,mc_not_5k_50k,buy_volume_1m_low,rugged",5
v3_fast_breakout_50_before_minus_20,0,"mc_not_5k_50k,buy_volume_1m_low,sell_pressure_high",5
v3_fast_breakout_50_before_minus_20,0,"age_over_5m,buy_volume_1m_low,trade_count_1m_low,sell_pressure_high",4
v3_fast_breakout_50_before_minus_20,0,"age_over_5m,mc_not_5k_50k,buy_volume_1m_low,sell_pressure_high,rugged",4
v3_fast_breakout_50_before_minus_20,0,"mc_not_5k_50k,buy_volume_1m_low,unique_buyers_1m_low,trade_count_1m_low,top10_concentration_high",4
v3_fast_breakout_50_before_minus_20,0,"age_over_5m,buy_volume_1m_low,unique_buyers_1m_low,trade_count_1m_low,sell_pressure_high,rugged",3
v3_fast_breakout_50_before_minus_20,0,"age_over_5m,mc_not_5k_50k,buy_volume_1m_low,unique_buyers_1m_low,trade_count_1m_low,sell_pressure_high,rugged",3
v3_fast_breakout_50_before_minus_20,0,"age_over_5m,mc_not_5k_50k,buy_volume_1m_low,unique_buyers_1m_low,trade_count_1m_low,sell_pressure_high,rugged,top10_concentration_high",3
v3_fast_breakout_50_before_minus_20,0,"age_over_5m,mc_not_5k_50k,rugged",3
v3_fast_breakout_50_before_minus_20,0,"age_over_5m,mc_not_5k_50k,rugged,top10_concentration_high",3
v3_fast_breakout_50_before_minus_20,0,"age_over_5m,top10_concentration_high",3
v3_fast_breakout_50_before_minus_20,0,"age_over_5m,unique_buyers_1m_low,trade_count_1m_low",3
v3_fast_breakout_50_before_minus_20,0,"buy_volume_1m_low,unique_buyers_1m_low",3
v3_fast_breakout_50_before_minus_20,0,"age_over_5m,buy_volume_1m_low,sell_pressure_high,rugged,top10_concentration_high",2
v3_fast_breakout_50_before_minus_20,0,"age_over_5m,buy_volume_1m_low,sell_pressure_high,top10_concentration_high",2
v3_fast_breakout_50_before_minus_20,0,"age_over_5m,mc_not_5k_50k,buy_volume_1m_low,top10_concentration_high",2
v3_fast_breakout_50_before_minus_20,0,"age_over_5m,mc_not_5k_50k,buy_volume_1m_low,trade_count_1m_low",2
v3_fast_breakout_50_before_minus_20,0,"age_over_5m,sell_pressure_high,rugged",2
v3_fast_breakout_50_before_minus_20,0,"buy_volume_1m_low,trade_count_1m_low,sell_pressure_high",2
v3_fast_breakout_50_before_minus_20,0,"mc_not_5k_50k,buy_volume_1m_low,sell_pressure_high,top10_concentration_high",2
v3_fast_breakout_50_before_minus_20,0,"mc_not_5k_50k,buy_volume_1m_low,trade_count_1m_low",2
v3_fast_breakout_50_before_minus_20,0,"mc_not_5k_50k,sell_pressure_high,top10_concentration_high",2
v3_fast_breakout_50_before_minus_20,0,"mc_not_5k_50k,top10_concentration_high",2
v3_fast_breakout_50_before_minus_20,0,"age_over_5m,buy_volume_1m_low,sell_pressure_high,rugged",1
v3_fast_breakout_50_before_minus_20,0,"age_over_5m,buy_volume_1m_low,unique_buyers_1m_low,sell_pressure_high,rugged",1
v3_fast_breakout_50_before_minus_20,0,"age_over_5m,mc_not_5k_50k,buy_volume_1m_low,sell_pressure_high,rugged,top10_concentration_high",1
v3_fast_breakout_50_before_minus_20,0,"age_over_5m,mc_not_5k_50k,buy_volume_1m_low,trade_count_1m_low,sell_pressure_high,rugged",1
v3_fast_breakout_50_before_minus_20,0,"age_over_5m,mc_not_5k_50k,trade_count_1m_low,rugged,top10_concentration_high",1
v3_fast_breakout_50_before_minus_20,0,"age_over_5m,mc_not_5k_50k,unique_buyers_1m_low",1
v3_fast_breakout_50_before_minus_20,0,"age_over_5m,mc_not_5k_50k,unique_buyers_1m_low,rugged,top10_concentration_high",1
v3_fast_breakout_50_before_minus_20,0,"age_over_5m,rugged",1
v3_fast_breakout_50_before_minus_20,0,"age_over_5m,rugged,top10_concentration_high",1
v3_fast_breakout_50_before_minus_20,0,"age_over_5m,sell_pressure_high,rugged,top10_concentration_high",1
v3_fast_breakout_50_before_minus_20,0,"age_over_5m,trade_count_1m_low",1
v3_fast_breakout_50_before_minus_20,0,"age_over_5m,unique_buyers_1m_low",1
v3_fast_breakout_50_before_minus_20,0,"age_over_5m,unique_buyers_1m_low,trade_count_1m_low,rugged",1
v3_fast_breakout_50_before_minus_20,0,"mc_not_5k_50k,buy_volume_1m_low,sell_pressure_high,rugged",1
v3_fast_breakout_50_before_minus_20,0,"mc_not_5k_50k,buy_volume_1m_low,top10_concentration_high",1
v3_fast_breakout_50_before_minus_20,0,"mc_not_5k_50k,buy_volume_1m_low,trade_count_1m_low,top10_concentration_high",1
v3_fast_breakout_50_before_minus_20,0,"mc_not_5k_50k,buy_volume_1m_low,unique_buyers_1m_low,trade_count_1m_low,sell_pressure_high,top10_concentration_high",1
v3_fast_breakout_50_before_minus_20,0,"mc_not_5k_50k,rugged,top10_concentration_high",1
v3_fast_breakout_50_before_minus_20,0,"mc_not_5k_50k,sell_pressure_high,rugged,top10_concentration_high",1
v3_fast_breakout_50_before_minus_20,0,"mc_not_5k_50k,unique_buyers_1m_low,sell_pressure_high",1
v3_fast_breakout_50_before_minus_20,0,"mc_not_5k_50k,unique_buyers_1m_low,sell_pressure_high,top10_concentration_high",1
v3_fast_breakout_50_before_minus_20,0,"rugged,top10_concentration_high",1
v3_fast_breakout_50_before_minus_20,0,"sell_pressure_high,top10_concentration_high",1
v3_fast_breakout_50_before_minus_20,0,top10_concentration_high,1
v3_fast_breakout_50_before_minus_20,0,trade_count_1m_low,1
v4_fast_breakout_50_sell_pressure,0,"age_over_5m,mc_not_5k_50k,buy_volume_1m_low,unique_buyers_1m_low,trade_count_1m_low,sell_pressure_over_50pct",1932
v4_fast_breakout_50_sell_pressure,0,"mc_not_5k_50k,buy_volume_1m_low,unique_buyers_1m_low,trade_count_1m_low,sell_pressure_over_50pct",93
v4_fast_breakout_50_sell_pressure,0,"age_over_5m,mc_not_5k_50k,buy_volume_1m_low,unique_buyers_1m_low,trade_count_1m_low,sell_pressure_over_50pct,rugged",89
v4_fast_breakout_50_sell_pressure,0,"age_over_5m,buy_volume_1m_low,unique_buyers_1m_low,trade_count_1m_low,sell_pressure_over_50pct",48
v4_fast_breakout_50_sell_pressure,0,"age_over_5m,sell_pressure_over_50pct",28
v4_fast_breakout_50_sell_pressure,0,"age_over_5m,mc_not_5k_50k,buy_volume_1m_low,unique_buyers_1m_low,trade_count_1m_low,sell_pressure_over_50pct,rugged,top10_concentration_high",26
v4_fast_breakout_50_sell_pressure,0,"age_over_5m,buy_volume_1m_low,unique_buyers_1m_low,trade_count_1m_low,sell_pressure_over_50pct,rugged,top10_concentration_high",20
v4_fast_breakout_50_sell_pressure,0,"age_over_5m,mc_not_5k_50k,buy_volume_1m_low,unique_buyers_1m_low,trade_count_1m_low,sell_pressure_over_50pct,top10_concentration_high",13
v4_fast_breakout_50_sell_pressure,0,"age_over_5m,buy_volume_1m_low,unique_buyers_1m_low,trade_count_1m_low,sell_pressure_over_50pct,rugged",12
v4_fast_breakout_50_sell_pressure,0,"age_over_5m,buy_volume_1m_low,unique_buyers_1m_low,trade_count_1m_low",11
v4_fast_breakout_50_sell_pressure,0,"age_over_5m,mc_not_5k_50k,sell_pressure_over_50pct",10
v4_fast_breakout_50_sell_pressure,0,"age_over_5m,buy_volume_1m_low,unique_buyers_1m_low,sell_pressure_over_50pct",9
v4_fast_breakout_50_sell_pressure,0,"age_over_5m,mc_not_5k_50k",8
v4_fast_breakout_50_sell_pressure,0,"age_over_5m,buy_volume_1m_low,sell_pressure_over_50pct",6
v4_fast_breakout_50_sell_pressure,0,"age_over_5m,mc_not_5k_50k,buy_volume_1m_low,unique_buyers_1m_low,trade_count_1m_low",6
v4_fast_breakout_50_sell_pressure,0,sell_pressure_over_50pct,6
v4_fast_breakout_50_sell_pressure,0,"age_over_5m,sell_pressure_over_50pct,top10_concentration_high",5
v4_fast_breakout_50_sell_pressure,0,"buy_volume_1m_low,unique_buyers_1m_low,trade_count_1m_low,sell_pressure_over_50pct",5
v4_fast_breakout_50_sell_pressure,0,"age_over_5m,buy_volume_1m_low",3
v4_fast_breakout_50_sell_pressure,0,"age_over_5m,mc_not_5k_50k,buy_volume_1m_low,sell_pressure_over_50pct",3
v4_fast_breakout_50_sell_pressure,0,"age_over_5m,mc_not_5k_50k,top10_concentration_high",3
v4_fast_breakout_50_sell_pressure,0,"buy_volume_1m_low,sell_pressure_over_50pct",3
v4_fast_breakout_50_sell_pressure,0,"mc_not_5k_50k,buy_volume_1m_low,trade_count_1m_low,top10_concentration_high",3
v4_fast_breakout_50_sell_pressure,0,"mc_not_5k_50k,buy_volume_1m_low,unique_buyers_1m_low,trade_count_1m_low,sell_pressure_over_50pct,rugged,top10_concentration_high",3
v4_fast_breakout_50_sell_pressure,0,"age_over_5m,buy_volume_1m_low,unique_buyers_1m_low,sell_pressure_over_50pct,top10_concentration_high",2
v4_fast_breakout_50_sell_pressure,0,"age_over_5m,mc_not_5k_50k,buy_volume_1m_low",2
v4_fast_breakout_50_sell_pressure,0,"age_over_5m,mc_not_5k_50k,buy_volume_1m_low,unique_buyers_1m_low,sell_pressure_over_50pct,top10_concentration_high",2
v4_fast_breakout_50_sell_pressure,0,"age_over_5m,mc_not_5k_50k,sell_pressure_over_50pct,top10_concentration_high",2
v4_fast_breakout_50_sell_pressure,0,"age_over_5m,mc_not_5k_50k,unique_buyers_1m_low,sell_pressure_over_50pct,top10_concentration_high",2
v4_fast_breakout_50_sell_pressure,0,"age_over_5m,top10_concentration_high",2
v4_fast_breakout_50_sell_pressure,0,"buy_volume_1m_low,unique_buyers_1m_low,sell_pressure_over_50pct",2
v4_fast_breakout_50_sell_pressure,0,"buy_volume_1m_low,unique_buyers_1m_low,trade_count_1m_low",2
v4_fast_breakout_50_sell_pressure,0,"mc_not_5k_50k,buy_volume_1m_low,sell_pressure_over_50pct",2
v4_fast_breakout_50_sell_pressure,0,"mc_not_5k_50k,buy_volume_1m_low,unique_buyers_1m_low,trade_count_1m_low",2
v4_fast_breakout_50_sell_pressure,0,"mc_not_5k_50k,sell_pressure_over_50pct,top10_concentration_high",2
v4_fast_breakout_50_sell_pressure,0,"age_over_5m,buy_volume_1m_low,trade_count_1m_low,sell_pressure_over_50pct",1
v4_fast_breakout_50_sell_pressure,0,"age_over_5m,buy_volume_1m_low,unique_buyers_1m_low,sell_pressure_over_50pct,rugged",1
v4_fast_breakout_50_sell_pressure,0,"age_over_5m,buy_volume_1m_low,unique_buyers_1m_low,trade_count_1m_low,top10_concentration_high",1
v4_fast_breakout_50_sell_pressure,0,"age_over_5m,mc_not_5k_50k,buy_volume_1m_low,sell_pressure_over_50pct,rugged",1
v4_fast_breakout_50_sell_pressure,0,buy_volume_1m_low,1
v4_fast_breakout_50_sell_pressure,0,"buy_volume_1m_low,unique_buyers_1m_low,trade_count_1m_low,rugged,top10_concentration_high",1
v4_fast_breakout_50_sell_pressure,0,"buy_volume_1m_low,unique_buyers_1m_low,trade_count_1m_low,sell_pressure_over_50pct,rugged,top10_concentration_high",1
v4_fast_breakout_50_sell_pressure,0,"mc_not_5k_50k,buy_volume_1m_low,unique_buyers_1m_low,sell_pressure_over_50pct",1
v4_fast_breakout_50_sell_pressure,0,"mc_not_5k_50k,buy_volume_1m_low,unique_buyers_1m_low,sell_pressure_over_50pct,top10_concentration_high",1
v4_fast_breakout_50_sell_pressure,0,"mc_not_5k_50k,buy_volume_1m_low,unique_buyers_1m_low,trade_count_1m_low,sell_pressure_over_50pct,top10_concentration_high",1
v4_fast_breakout_50_sell_pressure,0,top10_concentration_high,1
