table_name,cid,column_name,type,not_null,primary_key
api_logs,0,id,INTEGER,0,1
api_logs,1,timestamp,INTEGER,1,0
api_logs,2,source,TEXT,1,0
api_logs,3,endpoint,TEXT,1,0
api_logs,4,token_address,TEXT,0,0
api_logs,5,status_code,INTEGER,0,0
api_logs,6,error_message,TEXT,0,0
api_logs,7,latency_ms,INTEGER,0,0
api_logs,8,created_at,TEXT,0,0
bot_state,0,key,TEXT,0,1
bot_state,1,value,TEXT,1,0
missed_winners,0,id,INTEGER,0,1
missed_winners,1,token_address,TEXT,1,0
missed_winners,2,reason_not_entered,TEXT,0,0
missed_winners,3,max_runup_pct,REAL,0,0
missed_winners,4,time_to_20pct,INTEGER,0,0
missed_winners,5,rule_version,TEXT,1,0
missed_winners,6,created_at,TEXT,0,0
ml_models,0,model_name,TEXT,0,1
ml_models,1,target,TEXT,1,0
ml_models,2,feature_names,TEXT,1,0
ml_models,3,weights_json,TEXT,1,0
ml_models,4,means_json,TEXT,1,0
ml_models,5,scales_json,TEXT,1,0
ml_models,6,metrics_json,TEXT,1,0
ml_models,7,trained_rows,INTEGER,1,0
ml_models,8,positive_rows,INTEGER,1,0
ml_models,9,created_at,TEXT,0,0
outcomes,0,token_address,TEXT,0,1
outcomes,1,rule_version,TEXT,1,0
outcomes,2,max_market_cap_5m,REAL,0,0
outcomes,3,max_market_cap_10m,REAL,0,0
outcomes,4,max_market_cap_30m,REAL,0,0
outcomes,5,hit_20pct,INTEGER,0,0
outcomes,6,hit_50pct,INTEGER,0,0
outcomes,7,hit_100pct,INTEGER,0,0
outcomes,8,hit_20k_mc,INTEGER,0,0
outcomes,9,hit_50k_mc,INTEGER,0,0
outcomes,10,rugged,INTEGER,0,0
outcomes,11,label,TEXT,0,0
outcomes,12,time_to_20pct_seconds,INTEGER,0,0
outcomes,13,time_to_50pct_seconds,INTEGER,0,0
outcomes,14,time_to_20k_seconds,INTEGER,0,0
outcomes,15,time_to_50k_seconds,INTEGER,0,0
outcomes,16,updated_at,TEXT,0,0
paper_trades,0,id,INTEGER,0,1
paper_trades,1,token_address,TEXT,1,0
paper_trades,2,entry_time,INTEGER,1,0
paper_trades,3,entry_age_seconds,INTEGER,0,0
paper_trades,4,entry_market_cap,REAL,1,0
paper_trades,5,entry_price,REAL,0,0
paper_trades,6,entry_reason,TEXT,0,0
paper_trades,7,rule_version,TEXT,1,0
paper_trades,8,status,TEXT,1,0
paper_trades,9,exit_time,INTEGER,0,0
paper_trades,10,exit_market_cap,REAL,0,0
paper_trades,11,exit_price,REAL,0,0
paper_trades,12,exit_reason,TEXT,0,0
paper_trades,13,pnl_pct,REAL,0,0
paper_trades,14,max_drawdown_pct,REAL,0,0
paper_trades,15,max_runup_pct,REAL,0,0
paper_trades,16,ambiguous,INTEGER,0,0
paper_trades,17,snapshot_id,INTEGER,0,0
paper_trades,18,entry_notional_usd,REAL,0,0
paper_trades,19,paper_token_units,REAL,0,0
paper_trades,20,exit_value_usd,REAL,0,0
paper_trades,21,paper_pnl_usd,REAL,0,0
rule_versions,0,rule_version,TEXT,0,1
rule_versions,1,description,TEXT,1,0
rule_versions,2,config_json,TEXT,1,0
rule_versions,3,created_at,TEXT,0,0
scanner_decisions,0,id,INTEGER,0,1
scanner_decisions,1,token_address,TEXT,1,0
scanner_decisions,2,timestamp,INTEGER,1,0
scanner_decisions,3,passed_filter,INTEGER,1,0
scanner_decisions,4,failed_reason,TEXT,0,0
scanner_decisions,5,rule_version,TEXT,1,0
scanner_decisions,6,snapshot_id,INTEGER,0,0
scanner_decisions,7,consecutive_passes,INTEGER,0,0
scanner_decisions,8,features_json,TEXT,0,0
snapshots,0,id,INTEGER,0,1
snapshots,1,token_address,TEXT,1,0
snapshots,2,timestamp,INTEGER,1,0
snapshots,3,age_seconds,INTEGER,0,0
snapshots,4,market_cap,REAL,0,0
snapshots,5,price,REAL,0,0
snapshots,6,liquidity_usd,REAL,0,0
snapshots,7,buy_volume_1m,REAL,0,0
snapshots,8,buy_volume_5m,REAL,0,0
snapshots,9,sell_volume_1m,REAL,0,0
snapshots,10,sell_volume_5m,REAL,0,0
snapshots,11,unique_buyers_1m,INTEGER,0,0
snapshots,12,unique_buyers_5m,INTEGER,0,0
snapshots,13,trade_count_1m,INTEGER,0,0
snapshots,14,trade_count_5m,INTEGER,0,0
snapshots,15,buys_total,INTEGER,0,0
snapshots,16,sells_total,INTEGER,0,0
snapshots,17,holders,INTEGER,0,0
snapshots,18,top_1_holder_pct,REAL,0,0
snapshots,19,top_5_holder_pct,REAL,0,0
snapshots,20,top_10_holder_pct,REAL,0,0
snapshots,21,bundle_or_cluster_risk,REAL,0,0
snapshots,22,risk_score,INTEGER,0,0
snapshots,23,dev_wallet_sold,INTEGER,0,0
snapshots,24,creator_current_balance_pct,REAL,0,0
snapshots,25,market_cap_change_pct,REAL,0,0
snapshots,26,curve_percentage,REAL,0,0
snapshots,27,rugged,INTEGER,0,0
snapshots,28,raw_json,TEXT,0,0
sqlite_sequence,0,name,,0,0
sqlite_sequence,1,seq,,0,0
tokens,0,token_address,TEXT,0,1
tokens,1,symbol,TEXT,0,0
tokens,2,name,TEXT,0,0
tokens,3,launch_time,INTEGER,0,0
tokens,4,initial_market_cap,REAL,0,0
tokens,5,initial_price,REAL,0,0
tokens,6,creator_wallet,TEXT,0,0
tokens,7,created_tx,TEXT,0,0
tokens,8,market,TEXT,0,0
tokens,9,first_seen_at,TEXT,0,0
tokens,10,raw_json,TEXT,0,0
trades,0,tx_signature,TEXT,0,1
trades,1,token_address,TEXT,1,0
trades,2,timestamp,INTEGER,1,0
trades,3,wallet,TEXT,0,0
trades,4,side,TEXT,0,0
trades,5,amount_token,REAL,0,0
trades,6,amount_sol,REAL,0,0
trades,7,amount_usd,REAL,0,0
trades,8,price_usd,REAL,0,0
trades,9,market_cap_at_trade,REAL,0,0
trades,10,program,TEXT,0,0
trades,11,raw_json,TEXT,0,0
